HASC_1,Max,Mean,Min
AT.BU,0.49416619539260864,0.07163400856476514,0.0
AT.KA,0.4229174852371216,0.044346983670299094,0.0
AT.NO,5.789321422576904,0.48747859186843406,0.0
AT.OO,7.501346588134766,1.7048619635669249,0.0
AT.SZ,2.92218279838562,0.3701866088131889,0.0
AT.ST,2.440826654434204,0.12916772332838353,0.0
AT.TR,2.295928955078125,0.3117741312605865,0.0
AT.VO,1.7674975395202637,0.6719886859258016,0.0
AT.WI,0.5315468311309814,0.1626451293627421,0.0
