HASC_1,Max,Mean,Min
AT.BU,0.45157214999198914,0.029303920950461852,0.0
AT.KA,1.3757116794586182,0.13415951331640827,0.0
AT.NO,0.6055790781974792,0.0665526291160874,0.0
AT.OO,0.8288557529449463,0.14518995612672284,0.0
AT.SZ,2.095115900039673,0.5189394485826294,0.0
AT.ST,1.152781367301941,0.057656801543417166,0.0
AT.TR,2.8395438194274902,0.5752963834639752,0.0
AT.VO,1.6938748359680176,0.6752476485239135,0.0
AT.WI,0.13219507038593292,0.04670182783156633,0.0
