HASC_1,Max,Mean,Min
AT.BU,0.0,0.0,0.0
AT.KA,0.017344921827316284,8.672460913658142e-05,0.0
AT.NO,0.0,0.0,0.0
AT.OO,0.027560243383049965,0.0005215733932952086,0.0
AT.SZ,0.08132638037204742,0.0037978060718160123,0.0
AT.ST,0.04212765768170357,0.0003005827052725686,0.0
AT.TR,0.16167494654655457,0.0038000708234242416,0.0
AT.VO,0.0,0.0,0.0
AT.WI,0.0,0.0,0.0
