HASC_1,Max,Mean,Min
AT.BU,0.3600044548511505,0.03462134478524184,0.0
AT.KA,0.63372403383255,0.01816501861088909,0.0
AT.NO,1.2216027975082397,0.1912089335484642,0.0
AT.OO,1.097084879875183,0.06117142360982018,0.0
AT.SZ,0.36138561367988586,0.0032140384560079838,0.0
AT.ST,0.419230192899704,0.032718564444981904,0.0
AT.TR,0.3068547248840332,0.00867389695389041,0.0
AT.VO,0.14076273143291473,0.015139339847463715,0.0
AT.WI,0.632271945476532,0.3876056969165802,0.0
