HASC_1,Max,Mean,Min
AT.BU,0.004526965785771608,2.4873438383360487e-05,0.0
AT.KA,0.056328147649765015,0.0009183397976448759,0.0
AT.NO,0.09194140136241913,0.0013365869150015605,0.0
AT.OO,0.16242320835590363,0.00205301943199066,0.0
AT.SZ,0.1374540776014328,0.0039103966051091755,0.0
AT.ST,0.07338922470808029,0.0019945102857234767,0.0
AT.TR,0.23069816827774048,0.00401527239009738,0.0
AT.VO,0.06750914454460144,0.0009376270075639089,0.0
AT.WI,0.03478260710835457,0.0025504443095996977,0.0
