HASC_1,Max,Mean,Min
AT.BU,0.2046608328819275,0.010042841108720545,0.0
AT.KA,0.11737070232629776,0.003046833425760269,0.0
AT.NO,0.23819346725940704,0.002289488134874391,0.0
AT.OO,0.09320613741874695,0.00041609882776226314,0.0
AT.SZ,0.10874050110578537,0.0006250809480358536,0.0
AT.ST,0.239919513463974,0.0020472333020931295,0.0
AT.TR,0.32977819442749023,0.005355049386112527,0.0
AT.VO,0.0,0.0,0.0
AT.WI,0.04487215355038643,0.010640050719181697,0.0
