HASC_1,Max,Mean,Min
AT.BU,0.0025560336653143167,1.7336033384448717e-05,0.0
AT.KA,0.0,0.0,0.0
AT.NO,0.0,0.0,0.0
AT.OO,0.0,0.0,0.0
AT.SZ,0.0,0.0,0.0
AT.ST,0.00616845628246665,3.9951196550643685e-05,0.0
AT.TR,0.038181815296411514,0.0006556473644168088,0.0
AT.VO,0.019090907648205757,0.0015656565212541157,0.0
AT.WI,0.0,0.0,0.0
