HASC_1,Max,Mean,Min
AT.BU,0.07495764642953873,0.0026302727497090677,0.0
AT.KA,0.19589412212371826,0.004092360040522181,0.0
AT.NO,0.07916470617055893,0.0017572814665775794,0.0
AT.OO,0.042301494628190994,0.002060392180683699,0.0
AT.SZ,2.38336443901062,0.13965509984906627,0.0
AT.ST,0.025776280090212822,0.000743167838373585,0.0
AT.TR,2.38336443901062,0.16254479656453247,0.0
AT.VO,0.14473572373390198,0.004651545899428634,0.0
AT.WI,0.039733365178108215,0.005706699999670188,0.0
