HASC_1,Max,Mean,Min
AT.BU,0.01326087024062872,0.0002126134676183318,0.0
AT.KA,1.0629130601882935,0.047700053129028676,0.0
AT.NO,0.01043478213250637,4.7051451917827725e-05,0.0
AT.OO,0.01043478213250637,3.1055899203888006e-05,0.0
AT.SZ,0.3601478040218353,0.009892884678659659,0.0
AT.ST,0.07884347438812256,0.0007169284964923922,0.0
AT.TR,1.0629130601882935,0.05463301731255011,0.0
AT.VO,0.07721738517284393,0.007149358610958088,0.0
AT.WI,0.0,0.0,0.0
