HASC_1,Max,Mean,Min
AT.BU,0.012883954681456089,0.0002878261196771176,0.0
AT.KA,0.13019776344299316,0.0008046316048421432,0.0
AT.NO,0.04565552622079849,0.0006368162311667854,0.0
AT.OO,0.0373208187520504,0.00039067358565738513,0.0
AT.SZ,0.504915177822113,0.01293003902307343,0.0
AT.ST,0.011582323350012302,3.299807222225727e-05,0.0
AT.TR,0.504915177822113,0.017812062593734343,0.0
AT.VO,0.03474696725606918,0.001662277836456067,0.0
AT.WI,0.04565552622079849,0.0047082191168253,0.0
