HASC_1,Max,Mean,Min
AT.BU,0.0022922330535948277,1.2594687107663889e-05,0.0
AT.KA,0.0,0.0,0.0
AT.NO,0.0034042552579194307,5.952725035310605e-05,0.0
AT.OO,0.009196927770972252,0.0002506548215110559,0.0
AT.SZ,0.328434020280838,0.01626468369700736,0.0
AT.ST,0.008936169557273388,0.00010773476725311531,0.0
AT.TR,0.28881701827049255,0.007013538342642168,0.0
AT.VO,0.1112595722079277,0.0035671876319661854,0.0
AT.WI,0.0,0.0,0.0
