HASC_1,Max,Mean,Min
AT.BU,0.031497884541749954,0.00048590517811355094,0.0
AT.KA,2.7159998416900635,0.10135599486367937,0.0
AT.NO,1.479217529296875,0.018318108681146136,0.0
AT.OO,2.314171314239502,0.09046093633740038,0.0
AT.SZ,2.7159998416900635,0.2693932813597106,0.0
AT.ST,2.314171314239502,0.19034671881645226,0.0
AT.TR,1.5826857089996338,0.09502798950662977,0.0
AT.VO,0.0010259903501719236,2.7549740884246097e-05,0.0
AT.WI,0.0,0.0,0.0
