HASC_1,Max,Mean,Min
AT.BU,0.0,0.0,0.0
AT.KA,0.007039851509034634,0.00014459156198427082,0.0
AT.NO,0.0011946142185479403,2.5096937364452526e-06,0.0
AT.OO,0.04933616891503334,0.0009002396510324962,0.0
AT.SZ,0.27745530009269714,0.015823505789012416,0.0
AT.ST,0.0011946142185479403,3.403459312102394e-06,0.0
AT.TR,0.4339488744735718,0.04028770366752393,0.0
AT.VO,0.46811914443969727,0.15575719764456153,0.0
AT.WI,0.0,0.0,0.0
