HASC_1,Max,Mean,Min
AT.BU,0.011052630841732025,0.00030653555570477314,0.0
AT.KA,0.012063157744705677,0.0003576315576356137,0.0
AT.NO,0.01631578989326954,0.0003970278564974778,0.0
AT.OO,0.11931578814983368,0.0021426933951174546,0.0
AT.SZ,0.40676841139793396,0.016341259689064223,0.0
AT.ST,0.0436842106282711,0.0005011845781717269,0.0
AT.TR,0.8222315907478333,0.06304901680482682,0.0
AT.VO,0.64662104845047,0.02315534022825558,0.0
AT.WI,0.015789473429322243,0.004087719259162744,0.0
