HASC_1,Max,Mean,Min
AT.BU,0.3063930869102478,0.009573547646980912,0.0
AT.KA,0.14284636080265045,0.003932478164861095,0.0
AT.NO,0.8786735534667969,0.10193193261921278,0.0
AT.OO,0.7024625539779663,0.09062605144892932,0.0
AT.SZ,0.40454867482185364,0.04239301642737701,0.0
AT.ST,0.8730158805847168,0.10915319821993824,0.0
AT.TR,0.16765303909778595,0.008611651962079728,0.0
AT.VO,0.0002609859511721879,6.850161096533864e-06,0.0
AT.WI,0.0025205013807862997,0.000722775134878854,0.0
