HASC_1,Max,Mean,Min
AT.BU,4.114126682281494,0.8487650627618307,0.0
AT.KA,1.6533455848693848,0.29512644454836845,0.0
AT.NO,2.4568169116973877,0.4959702770687452,0.0
AT.OO,2.508836269378662,0.7740846012852022,0.0
AT.SZ,1.503039002418518,0.25503501831941927,0.0
AT.ST,4.114126682281494,0.6882213023398337,0.0
AT.TR,0.9270116686820984,0.14055874921684858,0.0
AT.VO,0.8459603190422058,0.3111072811815474,0.0
AT.WI,1.2512317895889282,0.7329765677452087,0.0
