HASC_1,Max,Mean,Min
AT.BU,0.009824450127780437,0.0003446414369356497,0.0
AT.KA,0.37665143609046936,0.01176283333781612,0.0
AT.NO,0.12127868086099625,0.00040851000907511333,0.0
AT.OO,0.0,0.0,0.0
AT.SZ,0.8050286173820496,0.006592952382197837,0.0
AT.ST,0.8050286173820496,0.02417674269422333,0.0
AT.TR,0.37665143609046936,0.009143584465897275,0.0
AT.VO,0.0,0.0,0.0
AT.WI,0.0002857142826542258,3.671269320572416e-05,0.0
