HASC_1,Max,Mean,Min
AT.BU,0.2844938039779663,0.02305466926318931,0.0
AT.KA,0.20162896811962128,0.010174677177415105,0.0
AT.NO,0.13767418265342712,0.001750677469523808,0.0
AT.OO,0.10072486847639084,0.002635680257109622,0.0
AT.SZ,0.07898683100938797,0.006832894141882662,0.0
AT.ST,0.23181022703647614,0.01595108487488796,0.0
AT.TR,0.2342955619096756,0.027218056685557133,0.0
AT.VO,0.39231762290000916,0.06949230753768158,0.0
AT.WI,0.13767418265342712,0.04205395157138506,0.0
