HASC_1,Max,Mean,Min
AT.BU,0.0604846365749836,0.0026527461519075947,0.0
AT.KA,0.14001667499542236,0.002725719579029828,0.0
AT.NO,0.09595156461000443,0.0014376055031705222,0.0
AT.OO,0.43593287467956543,0.010698078434784077,0.0
AT.SZ,0.301556795835495,0.019350016277591444,0.0
AT.ST,0.43593287467956543,0.004511968868829713,0.0
AT.TR,1.5132431983947754,0.17510159567428865,0.0
AT.VO,1.5132431983947754,0.4590052002006107,0.0
AT.WI,0.09595156461000443,0.019786393192286294,0.0
