HASC_1,Max,Mean,Min
AT.BU,0.002749999985098839,1.5109890028015598e-05,0.0
AT.KA,0.05539208650588989,0.0007199611002579331,0.0
AT.NO,0.09446203708648682,0.0007224304580394796,0.0
AT.OO,0.17006342113018036,0.0015217374582009921,0.0
AT.SZ,0.0777432769536972,0.0015798980476877964,0.0
AT.ST,0.17006342113018036,0.002318341428270707,0.0
AT.TR,0.17573966085910797,0.0009977659125897018,0.0
AT.VO,0.12999999523162842,0.0027222221510277856,0.0
AT.WI,0.000750000006519258,5.00000004346172e-05,0.0
