HASC_1,Max,Mean,Min
AT.BU,0.07485713809728622,0.002434850845659909,0.0
AT.KA,0.1690947562456131,0.001950181555657764,0.0
AT.NO,0.07885713875293732,0.0008781223566204842,0.0
AT.OO,0.08454737812280655,0.0004734301266060876,0.0
AT.SZ,0.18318597972393036,0.0012262748805975813,0.0
AT.ST,0.10405830293893814,0.0003208824270205875,0.0
AT.TR,0.3837150037288666,0.011467722599671546,0.0
AT.VO,0.7053442001342773,0.034892179810817145,0.0
AT.WI,0.008571428246796131,0.0016918329910064736,0.0
