HASC_1,Max,Mean,Min
AT.BU,0.0,0.0,0.0
AT.KA,0.011377065442502499,0.0003267922904342413,0.0
AT.NO,0.08248373121023178,0.0001914189033261148,0.0
AT.OO,0.0,0.0,0.0
AT.SZ,0.12381410598754883,0.0017950794038673241,0.0
AT.ST,0.12381410598754883,0.0006021351969410848,0.0
AT.TR,0.08722416311502457,0.0007273273316748214,0.0
AT.VO,0.0,0.0,0.0
AT.WI,0.0,0.0,0.0
