HASC_1,Max,Mean,Min
AT.BU,0.19084177911281586,0.009198276766135797,0.0
AT.KA,0.005756377708166838,5.2014915272593495e-05,0.0
AT.NO,0.19084177911281586,0.008248441537592448,0.0
AT.OO,0.04768605902791023,0.0029891797977532925,0.0
AT.SZ,0.0498482771217823,0.0018237410918421422,0.0
AT.ST,0.0250568725168705,9.786348492756189e-05,0.0
AT.TR,0.11497577279806137,0.004316984137139199,0.0
AT.VO,0.0823015347123146,0.007756151502285825,0.0
AT.WI,0.10151613503694534,0.0326731381045344,0.0
