HASC_1,Max,Mean,Min
AT.BU,0.014813204295933247,0.001204569389000386,0.0
AT.KA,0.06210661679506302,0.005675820577700961,0.0
AT.NO,0.172200009226799,0.004199293504436791,0.0
AT.OO,0.334608256816864,0.011558198017262438,0.0
AT.SZ,0.22993865609169006,0.007318373082686473,0.0
AT.ST,0.6481578350067139,0.02009552860016794,0.0
AT.TR,0.23255173861980438,0.008065846125971417,0.0
AT.VO,0.1574999988079071,0.016647866109350516,0.0
AT.WI,0.006753954105079174,0.0010435854723255034,0.0
