HASC_1,Max,Mean,Min
AT.BU,0.023055555298924446,0.0002678641072305924,0.0
AT.KA,0.19556547701358795,0.006075337084475905,0.0
AT.NO,0.09744768589735031,0.001509198508708281,0.0
AT.OO,0.03794444352388382,0.0010220495853770575,0.0
AT.SZ,0.03794444352388382,0.0011326549552904907,0.0
AT.ST,0.1330605149269104,0.002036866043757376,0.0
AT.TR,0.004755554720759392,2.7070704681770594e-05,0.0
AT.VO,0.005133333150297403,0.000195987642453272,0.0
AT.WI,0.023055555298924446,0.0027777777363856633,0.0
