HASC_1,Max,Mean,Min
AT.BU,0.0,0.0,0.0
AT.KA,0.016927625983953476,8.463812991976738e-05,0.0
AT.NO,0.0357615128159523,7.512922860494181e-05,0.0
AT.OO,0.03900713846087456,0.00026331020940449976,0.0
AT.SZ,0.14749687910079956,0.0018581926551026603,0.0
AT.ST,0.0,0.0,0.0
AT.TR,0.32668623328208923,0.003646308903328397,0.0
AT.VO,0.0,0.0,0.0
AT.WI,0.0357615128159523,0.00238410085439682,0.0
