HASC_1,Max,Mean,Min
AT.BU,0.006017915438860655,0.0003984705971421275,0.0
AT.KA,0.020909089595079422,0.0002034721157497188,0.0
AT.NO,0.008225948549807072,0.00016790765929480578,0.0
AT.OO,0.0197727270424366,0.000411931803682819,0.0
AT.SZ,0.0197727270424366,0.0003285984741523862,0.0
AT.ST,0.005255437921732664,0.00010266393856984561,0.0
AT.TR,0.0,0.0,0.0
AT.VO,0.041379787027835846,0.0005747192642754979,0.0
AT.WI,0.004999999888241291,0.0009851543676328825,0.0
