HASC_1,Max,Mean,Min
AT.BU,1.5978602170944214,0.12639499779458505,0.0
AT.KA,0.1334366649389267,0.0035791803647828146,0.0
AT.NO,7.022659778594971,1.2920137432026857,0.0
AT.OO,13.79692268371582,3.3294028481025073,0.0
AT.SZ,13.79692268371582,1.0516781845780088,0.0
AT.ST,6.41813325881958,0.15556384231319337,0.0
AT.TR,4.442495822906494,0.3376992997899475,0.0
AT.VO,2.3545637130737305,0.778817100967798,0.0
AT.WI,3.6369054317474365,2.6039056460062664,0.0
