HASC_1,Max,Mean,Min
AT.BU,0.38368088006973267,0.019840053547388558,0.0
AT.KA,1.9698609113693237,0.08868863539707035,0.0
AT.NO,0.2123384326696396,0.02149325440085706,0.0
AT.OO,0.4337739944458008,0.05567237202047268,0.0
AT.SZ,3.3275129795074463,0.26121764881536363,0.0
AT.ST,0.8459476828575134,0.03802399971875192,0.0
AT.TR,7.614017009735107,0.7791019305854923,0.0
AT.VO,3.6200170516967773,0.5489539868043115,0.0
AT.WI,0.035512279719114304,0.012404108901197712,0.0
