HASC_1,Max,Mean,Min
AT.BU,2.0007224082946777,0.284563838248397,0.0
AT.KA,1.0939675569534302,0.140103827839921,0.0
AT.NO,1.5914589166641235,0.1416186215512517,0.0
AT.OO,0.6460216641426086,0.13872453387427544,0.0
AT.SZ,0.9637729525566101,0.07587267404790812,0.0
AT.ST,1.1829187870025635,0.15312419772251612,0.0
AT.TR,1.0766053199768066,0.04449748698812486,0.0
AT.VO,1.3349864482879639,0.24914351186533976,0.0
AT.WI,0.8620878458023071,0.27922509709994,0.0
