HASC_1,Max,Mean,Min
AT.BU,0.13496871292591095,0.008882970410843053,0.0
AT.KA,0.7179489731788635,0.161389083697577,0.0
AT.NO,0.6642225384712219,0.05993989510141607,0.0
AT.OO,1.365496039390564,0.305023214890666,0.0
AT.SZ,1.939104437828064,0.3493680705005924,0.0
AT.ST,0.7454414963722229,0.0851720937592749,0.0
AT.TR,3.307230234146118,0.5466133692499363,0.0
AT.VO,3.7434909343719482,1.2383881732821465,0.0
AT.WI,0.11605733633041382,0.03343771512930592,0.0
