HASC_1,Max,Mean,Min
AT.BU,0.7728371620178223,0.04109282489798216,0.0
AT.KA,0.16343268752098083,0.005799599440979364,0.0
AT.NO,1.6005637645721436,0.1311282047146135,0.0
AT.OO,0.34442824125289917,0.01195587054633593,0.0
AT.SZ,0.24800541996955872,0.008562230387421247,0.0
AT.ST,0.41053470969200134,0.02265584213032564,0.0
AT.TR,0.05903371796011925,0.0015958636099557308,0.0
AT.VO,0.0,0.0,0.0
AT.WI,0.23217421770095825,0.11312770570317904,0.0
