HASC_1,Max,Mean,Min
AT.BU,0.37070655822753906,0.03219628210146246,0.0
AT.KA,0.1435980349779129,0.011528683382784947,0.0
AT.NO,1.1269999742507935,0.04396699714717605,0.0
AT.OO,0.578000009059906,0.015533423782558418,0.0
AT.SZ,0.41212695837020874,0.030042603505232062,0.0
AT.ST,0.816866934299469,0.062001452690963514,0.0
AT.TR,1.8029714822769165,0.26160665651704856,0.0
AT.VO,1.6776138544082642,0.46078555645524627,0.0
AT.WI,0.6455467343330383,0.18141797309120497,0.0
