HASC_1,Max,Mean,Min
AT.BU,6.997122287750244,0.3570302455471112,0.0
AT.KA,1.700419545173645,0.14102510630371398,0.0
AT.NO,0.3218909800052643,0.003141285385294502,0.0
AT.OO,0.0,0.0,0.0
AT.SZ,0.8377999663352966,0.018334097218394164,0.0
AT.ST,6.6588311195373535,0.191871210130179,0.0
AT.TR,2.2134017944335938,0.25916416244272666,0.0
AT.VO,0.666450023651123,0.14995902924177548,0.0
AT.WI,0.15157011151313782,0.020938657053435842,0.0
