HASC_1,Max,Mean,Min
AT.BU,1.6525180339813232,0.19859834732794826,0.0
AT.KA,1.1180610656738281,0.25899960509734227,0.0
AT.NO,1.6525180339813232,0.17129459043430603,0.0
AT.OO,2.860757350921631,0.2963594264195611,0.0
AT.SZ,1.647208571434021,0.2455168826660762,0.0
AT.ST,1.1591147184371948,0.1523692728802323,0.0
AT.TR,1.3423999547958374,0.2619646327231418,0.0
AT.VO,0.482512503862381,0.15592735653950107,0.0
AT.WI,1.105974555015564,0.5942302147547404,0.0
