HASC_1,Max,Mean,Min
AT.BU,2.8275325298309326,0.5421937653324106,0.0
AT.KA,2.5306615829467773,0.2991666182019981,0.0
AT.NO,2.6163368225097656,0.15834911532318288,0.0
AT.OO,3.2456889152526855,0.17812828381734325,0.0
AT.SZ,1.1662302017211914,0.10175188664385738,0.0
AT.ST,7.17606258392334,0.6837296607140305,0.0
AT.TR,0.7651127576828003,0.04546092059463262,0.0
AT.VO,0.0,0.0,0.0
AT.WI,1.1435679197311401,0.6027399227023125,0.0
