HASC_1,Max,Mean,Min
AT.BU,3.0752370357513428,0.5916133056302647,0.0
AT.KA,4.433942794799805,1.2399629193823785,0.0
AT.NO,1.362229347229004,0.1427559014138155,0.0
AT.OO,2.266749858856201,0.2614804414721827,0.0
AT.SZ,2.846359968185425,0.8153146202365558,0.0
AT.ST,4.325923442840576,0.9028448974899417,0.0
AT.TR,2.7242696285247803,0.5008171940970263,0.0
AT.VO,1.708992600440979,0.5490545582854085,0.0
AT.WI,0.6607102155685425,0.2732499733567238,0.0
