HASC_1,Max,Mean,Min
AT.BU,0.61512291431427,0.04437370897621904,0.0
AT.KA,0.23177345097064972,0.04108381471745815,0.0
AT.NO,0.45496654510498047,0.028765113231813546,0.0
AT.OO,0.1382778435945511,0.010557041546300232,0.0
AT.SZ,0.17397141456604004,0.01841238947342087,0.0
AT.ST,0.6439706087112427,0.05269749994307045,0.0
AT.TR,0.2401714324951172,0.008482650807303743,0.0
AT.VO,0.02062353678047657,0.0010891976881895163,0.0
AT.WI,0.45496654510498047,0.154525130490462,0.0
