HASC_1,Max,Mean,Min
AT.BU,0.4718029201030731,0.03198152264217692,0.0
AT.KA,0.03242642804980278,0.0010833583299609017,0.0
AT.NO,1.9271668195724487,0.2173913633612282,0.0
AT.OO,6.43491268157959,0.4358034459874034,0.0
AT.SZ,1.0891958475112915,0.08713693028812486,0.0
AT.ST,1.6202468872070312,0.08624421195640689,0.0
AT.TR,1.0534731149673462,0.03599968905030189,0.0
AT.VO,1.3154915571212769,0.37583266901654294,0.0
AT.WI,0.4628623127937317,0.27477409938971203,0.0
