HASC_1,Max,Mean,Min
AT.BU,0.32874155044555664,0.007386607775505591,0.0
AT.KA,1.9188573360443115,0.08887416751531418,0.0
AT.NO,0.06178688630461693,0.0008617109607341661,0.0
AT.OO,0.04214285686612129,0.0001254251692444086,0.0
AT.SZ,2.464742660522461,0.04285491417067533,0.0
AT.ST,0.16768915951251984,0.0014743150034096846,0.0
AT.TR,3.9326279163360596,0.30518035769293256,0.0
AT.VO,0.8510254621505737,0.07823332512230587,0.0
AT.WI,0.017662687227129936,0.0018290348661442598,0.0
