HASC_1,Max,Mean,Min
AT.BU,0.21038943529129028,0.0027023816718220977,0.0
AT.KA,0.6145564913749695,0.019091891338575806,0.0
AT.NO,2.349318265914917,0.04340723041339118,0.0
AT.OO,1.542593002319336,0.10145648051578367,0.0
AT.SZ,0.8634519577026367,0.04978971683328079,0.0
AT.ST,0.0883328840136528,0.001874782360690192,0.0
AT.TR,0.8138310313224792,0.029933636883503246,0.0
AT.VO,0.3542945981025696,0.06454629675540167,0.0
AT.WI,0.05832253769040108,0.01157526249686877,0.0
