HASC_1,Max,Mean,Min
AT.BU,0.3589770793914795,0.018916409432627054,0.0
AT.KA,0.09666666388511658,0.005841137708630413,0.0
AT.NO,0.6923441886901855,0.041734979332302045,0.0
AT.OO,0.37000957131385803,0.05776237237469537,0.0
AT.SZ,0.284749835729599,0.021541877853269397,0.0
AT.ST,0.9537979364395142,0.11879273952532857,0.0
AT.TR,0.1431637853384018,0.0026954313063690663,0.0
AT.VO,0.0051241423934698105,7.116864435374737e-05,0.0
AT.WI,0.07260283082723618,0.011790808911124865,0.0
