HASC_1,Max,Mean,Min
AT.BU,0.46113842725753784,0.04161022255951658,0.0
AT.KA,0.5702893137931824,0.010929218424407736,0.0
AT.NO,0.46113842725753784,0.0553502815235631,0.0
AT.OO,0.3565230369567871,0.028320558427583905,0.0
AT.SZ,0.11106277257204056,0.004227020415055449,0.0
AT.ST,0.10828084498643875,0.0026096888430562682,0.0
AT.TR,0.0,0.0,0.0
AT.VO,0.05282209441065788,0.0007355314531499365,0.0
AT.WI,0.40782690048217773,0.15335681661963463,0.0
