HASC_1,Max,Mean,Min
AT.BU,0.12723404169082642,0.0023859324477658386,0.0
AT.KA,0.9110382795333862,0.08894962969206972,0.0
AT.NO,0.30763569474220276,0.007972667599827548,0.0
AT.OO,0.5725532174110413,0.047646242769620324,0.0
AT.SZ,0.5725532174110413,0.09019321639789268,0.0
AT.ST,0.7757021188735962,0.04423685645086935,0.0
AT.TR,2.43445086479187,0.16800295231461695,0.0
AT.VO,0.2111828327178955,0.05554297267937929,0.0
AT.WI,0.018297871574759483,0.002609929048533862,0.0
