HASC_1,Max,Mean,Min
AT.BU,2.1918749809265137,0.09098517882719553,0.0
AT.KA,2.338322639465332,0.1312702720870766,0.0
AT.NO,1.2298294305801392,0.1318895337681781,0.0
AT.OO,0.5827279090881348,0.09861822827882688,0.0
AT.SZ,0.5827279090881348,0.05000690835198232,0.0
AT.ST,0.565341591835022,0.053495737830637304,0.0
AT.TR,0.2940697968006134,0.006740058074832301,0.0
AT.VO,0.012187499552965164,0.0005559865789513828,0.0
AT.WI,0.08989349007606506,0.01827988252043724,0.0
