HASC_1,Max,Mean,Min
AT.BU,0.3393727242946625,0.04966879123310139,0.0
AT.KA,0.4557565152645111,0.042088705575424684,0.0
AT.NO,0.436519056558609,0.08568223736820225,0.0
AT.OO,1.0508520603179932,0.22575188326161533,0.0
AT.SZ,0.4809390902519226,0.0853043370351467,0.0
AT.ST,1.0508520603179932,0.027546546862264907,0.0
AT.TR,0.7695565223693848,0.1881577472682252,0.0
AT.VO,0.5149217844009399,0.1617891914728615,0.0
AT.WI,0.15914881229400635,0.09115167558193207,0.0
