HASC_1,Max,Mean,Min
AL.BE,0.01043478213250637,0.00018633539522332803,0.0
AL.DB,0.03365777060389519,0.0005342503270459553,0.0
AL.DU,0.0,0.0,0.0
AL.EB,0.01043478213250637,0.00013043485183147907,0.0
AL.FI,0.0,0.0,0.0
AL.GK,0.004334612283855677,0.00010139961068489356,0.0
AL.KE,0.06322986632585526,0.0016248632526764015,0.0
AL.KK,0.0190239567309618,0.0006128298449272543,0.0
AL.LZ,0.0,0.0,0.0
AL.SD,0.17009566724300385,0.004391181281571335,0.0
AL.TI,0.0,0.0,0.0
AL.VR,0.0,0.0,0.0
