HASC_1,Max,Mean,Min
AL.BE,0.0,0.0,0.0
AL.DB,0.033513009548187256,0.0015891046486868864,0.0
AL.DU,0.0,0.0,0.0
AL.EB,9.562616469338536e-05,1.4943688711355207e-06,0.0
AL.FI,0.0,0.0,0.0
AL.GK,0.0,0.0,0.0
AL.KE,0.0001997291692532599,3.3563106130300597e-06,0.0
AL.KK,0.05718330293893814,0.003282446657123481,0.0
AL.LZ,0.010920950211584568,0.0007531031341204653,0.0
AL.SD,0.0161003265529871,0.00047291737544583154,0.0
AL.TI,0.0,0.0,0.0
AL.VR,0.0,0.0,0.0
