HASC_1,Max,Mean,Min
AL.BE,0.0,0.0,0.0
AL.DB,0.0,0.0,0.0
AL.DU,0.0,0.0,0.0
AL.EB,0.0,0.0,0.0
AL.FI,0.0,0.0,0.0
AL.GK,0.27319544553756714,0.005202523639632596,0.0
AL.KE,0.10138625651597977,0.001152116551317952,0.0
AL.KK,0.16962946951389313,0.0021201818836507976,0.0
AL.LZ,0.0,0.0,0.0
AL.SD,0.0,0.0,0.0
AL.TI,0.0,0.0,0.0
AL.VR,0.0,0.0,0.0
