HASC_1,Max,Mean,Min
AL.BE,0.09281598031520844,0.0016574282199144363,0.0
AL.DB,0.0,0.0,0.0
AL.DU,0.0014634146355092525,8.130081308384736e-05,0.0
AL.EB,0.09281598031520844,0.0011601997539401054,0.0
AL.FI,0.0,0.0,0.0
AL.GK,0.0,0.0,0.0
AL.KE,0.09281598031520844,0.0013315939577296376,0.0
AL.KK,0.01206840667873621,0.00015200381627145372,0.0
AL.LZ,0.0,0.0,0.0
AL.SD,0.0,0.0,0.0
AL.TI,0.0014634146355092525,2.7100271027949122e-05,0.0
AL.VR,0.0024390241596847773,4.837733947417953e-05,0.0
