HASC_1,Max,Mean,Min
AL.BE,0.0,0.0,0.0
AL.DB,2.5541874492773786e-05,4.0542657925037757e-07,0.0
AL.DU,0.0,0.0,0.0
AL.EB,0.0,0.0,0.0
AL.FI,0.0,0.0,0.0
AL.GK,0.0,0.0,0.0
AL.KE,0.06489036232233047,0.0021120933392508464,0.0
AL.KK,0.003987757954746485,0.00012230656670627794,0.0
AL.LZ,0.0030838793609291315,9.100693743675947e-05,0.0
AL.SD,0.003987757954746485,0.00017961504170671105,0.0
AL.TI,0.0,0.0,0.0
AL.VR,0.00253268308006227,3.166110081644344e-05,0.0
