HASC_1,Max,Mean,Min
AL.BE,0.0,0.0,0.0
AL.DB,0.007000000216066837,0.00011111111454074345,0.0
AL.DU,0.0,0.0,0.0
AL.EB,0.0,0.0,0.0
AL.FI,0.0,0.0,0.0
AL.GK,0.030291995033621788,0.0004207221532447471,0.0
AL.KE,0.04664596915245056,0.0008944894441149452,0.0
AL.KK,0.0016828884836286306,2.077640103245223e-05,0.0
AL.LZ,0.0,0.0,0.0
AL.SD,0.0,0.0,0.0
AL.TI,0.0,0.0,0.0
AL.VR,0.0,0.0,0.0
