HASC_1,Max,Mean,Min
AL.BE,0.0014388393610715866,2.5693560019135475e-05,0.0
AL.DB,0.0,0.0,0.0
AL.DU,0.0,0.0,0.0
AL.EB,0.029787233099341393,0.0007933181710541249,0.0
AL.FI,0.0,0.0,0.0
AL.GK,0.0,0.0,0.0
AL.KE,0.029361702501773834,0.001317156542261893,0.0
AL.KK,0.010599353350698948,0.00015513172637625242,0.0
AL.LZ,0.0,0.0,0.0
AL.SD,0.0,0.0,0.0
AL.TI,0.0,0.0,0.0
AL.VR,0.0,0.0,0.0
