HASC_1,Max,Mean,Min
ZA.EC,2.2169952392578125,0.07848539312816925,0.0
ZA.FS,0.9389640092849731,0.0830213896864582,0.0
ZA.GT,0.8835171461105347,0.14418517341347117,0.0
ZA.NL,2.573101758956909,0.06847514411408091,0.0
ZA.NP,1.113771915435791,0.035506444844452,0.0
ZA.MP,0.3854026794433594,0.019303620777720472,0.0
ZA.NW,1.4884552955627441,0.13591098029898127,0.0
ZA.NC,0.28968876600265503,0.0005172565835584239,0.0
ZA.WC,0.6740425229072571,0.002197154999398624,0.0
