HASC_1,Max,Mean,Min
ZA.EC,1.23873770236969,0.015278723469884355,0.0
ZA.FS,0.07534008473157883,0.003227750290762625,0.0
ZA.GT,0.05762724578380585,0.0016564800544936014,0.0
ZA.NL,1.2886486053466797,0.001890419220286507,0.0
ZA.NP,0.004428996238857508,2.3261534867949094e-06,0.0
ZA.MP,0.0,0.0,0.0
ZA.NW,0.05314796045422554,7.453407295306045e-05,0.0
ZA.NC,1.1278191804885864,0.007276766243088737,0.0
ZA.WC,2.6347899436950684,0.09794605544766548,0.0
