HASC_1,Max,Mean,Min
ZA.EC,0.12272956967353821,0.0013292032962869465,0.0
ZA.FS,0.236869677901268,0.0007829873867558727,0.0
ZA.GT,0.002195121953263879,5.776636719115471e-06,0.0
ZA.NL,0.47514817118644714,0.007238933590468114,0.0
ZA.NP,0.002195121953263879,1.1529001855377515e-06,0.0
ZA.MP,0.00019066897220909595,1.3580411126003985e-07,0.0
ZA.NW,0.0039024390280246735,1.8689842088240774e-06,0.0
ZA.NC,0.013691925443708897,1.2144181445540422e-05,0.0
ZA.WC,0.008292683400213718,1.2716362277991245e-05,0.0
