HASC_1,Max,Mean,Min
ZA.EC,0.0011760630877688527,3.598724258778619e-07,0.0
ZA.FS,0.021853839978575706,1.7194209607376454e-05,0.0
ZA.GT,0.021853839978575706,0.00042576029847719166,0.0
ZA.NL,0.04201376065611839,0.0006716294011052994,0.0
ZA.NP,0.015156695619225502,3.80630999072127e-05,0.0
ZA.MP,0.01586165837943554,5.34456566857052e-05,0.0
ZA.NW,0.0,0.0,0.0
ZA.NC,0.006910551805049181,9.26099142997746e-07,0.0
ZA.WC,0.007114099804311991,9.599357093213615e-06,0.0
