HASC_1,Max,Mean,Min
ZA.EC,2.3619396686553955,0.029639653765139613,0.0
ZA.FS,0.6638003587722778,0.045036944629294244,0.0
ZA.GT,0.20526881515979767,0.01749387903773344,0.0
ZA.NL,0.7622010111808777,0.024039405457083607,0.0
ZA.NP,0.2038818746805191,0.0022166249149900793,0.0
ZA.MP,0.34523797035217285,0.015994932356275148,0.0
ZA.NW,0.4220457375049591,0.006446547635556739,0.0
ZA.NC,0.2448241412639618,0.00044890463141346857,0.0
ZA.WC,1.1378153562545776,0.003652814294855333,0.0
