HASC_1,Max,Mean,Min
ZA.EC,1.4433854818344116,0.0031521897804469875,0.0
ZA.FS,1.8052952289581299,0.019390550436388106,0.0
ZA.GT,0.17943856120109558,0.0020155628610059226,0.0
ZA.NL,2.934479236602783,0.0185778323833128,0.0
ZA.NP,0.1599999964237213,0.00031633806701538255,0.0
ZA.MP,0.05595395341515541,0.00013246678646409784,0.0
ZA.NW,0.7004081010818481,0.013805424920030132,0.0
ZA.NC,1.8705077171325684,0.03537287676111054,0.0
ZA.WC,0.11846153438091278,0.00033444531795242405,0.0
