HASC_1,Max,Mean,Min
ZA.EC,2.7198944091796875,0.08821784541739686,0.0
ZA.FS,0.23999999463558197,0.0008451536604288365,0.0
ZA.GT,0.15734456479549408,0.0032057523242416974,0.0
ZA.NL,1.2571499347686768,0.03037728229500828,0.0
ZA.NP,0.03391304239630699,0.0002600209889554772,0.0
ZA.MP,0.6220012903213501,0.002730483717315133,0.0
ZA.NW,0.13452573120594025,0.003123826639053711,0.0
ZA.NC,0.7299999594688416,0.003180572454173089,0.0
ZA.WC,0.7689048051834106,0.013519890101001965,0.0
