HASC_1,Max,Mean,Min
ZA.EC,2.4717202186584473,0.06330825261388108,0.0
ZA.FS,0.0032352940179407597,2.562000320592363e-06,0.0
ZA.GT,0.04767439141869545,0.0001498884423390815,0.0
ZA.NL,0.0035294117406010628,6.950555469992027e-06,0.0
ZA.NP,0.0032352940179407597,9.13298798640877e-06,0.0
ZA.MP,0.04767439141869545,3.7397370273890794e-05,0.0
ZA.NW,0.0,0.0,0.0
ZA.NC,1.9337267875671387,0.03447873882527099,0.0
ZA.WC,2.131493091583252,0.04241287846593014,0.0
