HASC_1,Max,Mean,Min
ZA.EC,2.8851754665374756,0.18277056603403638,0.0
ZA.FS,2.580108880996704,0.13627221139209938,0.0
ZA.GT,1.3743177652359009,0.326897318043599,0.0
ZA.NL,0.6911307573318481,0.03154264515396064,0.0
ZA.NP,2.4593591690063477,0.1043708537419218,0.0
ZA.MP,2.154423475265503,0.0541746699690238,0.0
ZA.NW,3.0189075469970703,0.3491781795998657,0.0
ZA.NC,3.675813913345337,0.04111564510643211,0.0
ZA.WC,1.5406759977340698,0.04479787058961995,0.0
