HASC_1,Max,Mean,Min
ZA.EC,0.11100783199071884,0.0017357114356306906,0.0
ZA.FS,0.0883377268910408,0.00028428639936479657,0.0
ZA.GT,0.0,0.0,0.0
ZA.NL,7.315268516540527,0.5538148113926293,0.0
ZA.NP,0.034032005816698074,3.269625467663052e-05,0.0
ZA.MP,1.168727159500122,0.014300008761455063,0.0
ZA.NW,0.0,0.0,0.0
ZA.NC,0.0009374999790452421,1.2563655575519192e-07,0.0
ZA.WC,0.0009374999790452421,6.410256266976014e-07,0.0
