HASC_1,Max,Mean,Min
ZA.EC,0.3831835687160492,0.003056025121953854,0.0
ZA.FS,0.0,0.0,0.0
ZA.GT,0.04383737966418266,0.00011536152543205963,0.0
ZA.NL,0.00762032438069582,1.7704993890115203e-05,0.0
ZA.NP,0.0,0.0,0.0
ZA.MP,0.04508987069129944,3.211529251517054e-05,0.0
ZA.NW,0.0,0.0,0.0
ZA.NC,0.005227729678153992,7.005802302538183e-07,0.0
ZA.WC,0.1681080311536789,0.004623512403809905,0.0
