HASC_1,Max,Mean,Min
ZA.EC,0.45032548904418945,0.001817171422761916,0.0
ZA.FS,0.8395002484321594,0.012687975915563778,0.0
ZA.GT,0.6948850154876709,0.04513759265915532,0.0
ZA.NL,0.07449276000261307,0.002063926016966537,0.0
ZA.NP,0.245217427611351,0.00999988129978146,0.0
ZA.MP,0.04203280434012413,0.002404575062503337,0.0
ZA.NW,2.081444501876831,0.04787398706774565,0.0
ZA.NC,2.081444501876831,0.02038593204076608,0.0
ZA.WC,0.0013850564137101173,7.333315642248107e-07,0.0
