HASC_1,Max,Mean,Min
ZA.EC,1.5701476335525513,0.07023368453668377,0.0
ZA.FS,2.0949172973632812,0.175061390321644,0.0
ZA.GT,0.04561987146735191,0.0009102185594536805,0.0
ZA.NL,1.8642200231552124,0.08016778826266417,0.0
ZA.NP,0.12796548008918762,0.0007531966908542369,0.0
ZA.MP,0.08795541524887085,0.00031410001796747207,0.0
ZA.NW,2.0949172973632812,0.06686017204789058,0.0
ZA.NC,2.908900737762451,0.07609316207609683,0.0
ZA.WC,1.309497594833374,0.02030655771555913,0.0
