HASC_1,Max,Mean,Min
ZA.EC,0.020171726122498512,4.1054885465332e-05,0.0
ZA.FS,0.36816829442977905,0.004669623739541099,0.0
ZA.GT,0.08417277783155441,0.0027227907587458553,0.0
ZA.NL,0.9232962727546692,0.014757398499631954,0.0
ZA.NP,0.5337571501731873,0.05269695775058142,0.0
ZA.MP,0.7320350408554077,0.04127544311308042,0.0
ZA.NW,0.1021537184715271,0.0019090276998885622,0.0
ZA.NC,0.3342288136482239,0.0008908279640511861,0.0
ZA.WC,0.00708736339583993,7.503723290860334e-06,0.0
