HASC_1,Max,Mean,Min
ZA.EC,0.006679898127913475,1.7362290399718918e-05,0.0
ZA.FS,0.0968869999051094,0.002749186698696329,0.0
ZA.GT,0.0651373565196991,0.0028191717389530056,0.0
ZA.NL,2.5529613494873047,0.05220614121664145,0.0
ZA.NP,0.09786321967840195,0.0010269494441901862,0.0
ZA.MP,0.695497453212738,0.033953239470246185,0.0
ZA.NW,0.018864216282963753,2.3686811842251777e-05,0.0
ZA.NC,0.0,0.0,0.0
ZA.WC,0.013098553754389286,3.0807300257341314e-05,0.0
