HASC_1,Max,Mean,Min
ZA.EC,1.105533480644226,0.13779013442471583,0.0
ZA.FS,1.0516939163208008,0.12434585079068958,0.0
ZA.GT,0.33011651039123535,0.007701312544728161,0.0
ZA.NL,1.2746260166168213,0.09131316582513838,0.0
ZA.NP,5.581116056418978e-05,2.9312584329931604e-08,0.0
ZA.MP,0.8058210015296936,0.00406477966063652,0.0
ZA.NW,0.9899148941040039,0.06140869046563872,0.0
ZA.NC,1.139374017715454,0.045263234931693035,0.0
ZA.WC,0.21179009974002838,0.0020467304645359796,0.0
