HASC_1,Max,Mean,Min
ZA.EC,3.9449238777160645,0.1645387244691868,0.0
ZA.FS,3.2627503871917725,0.19189612658204389,0.0
ZA.GT,0.007499999832361937,3.947368332822072e-05,0.0
ZA.NL,0.14201633632183075,0.0009920866041626996,0.0
ZA.NP,0.6233035922050476,0.0023247644169737407,0.0
ZA.MP,0.0,0.0,0.0
ZA.NW,4.14703893661499,0.17406802920783682,0.0
ZA.NC,4.518740653991699,0.03675483906109231,0.0
ZA.WC,0.07275784015655518,0.0001009829469725617,0.0
