HASC_1,Max,Mean,Min
ZA.EC,0.09443389624357224,0.0007603748358645835,0.0
ZA.FS,1.6275397539138794,0.07761513040778555,0.0
ZA.GT,0.23060333728790283,0.02240357469858473,0.0
ZA.NL,0.08211992681026459,0.0013904797052893896,0.0
ZA.NP,0.23060333728790283,0.00572139555806279,0.0
ZA.MP,0.30540329217910767,0.015880464086729957,0.0
ZA.NW,1.7025622129440308,0.07737744060521513,0.0
ZA.NC,0.6895772218704224,0.007423329483006744,0.0
ZA.WC,0.001330335857346654,9.95991832158386e-07,0.0
