HASC_1,Max,Mean,Min
ZA.EC,0.005617776419967413,1.6587714585395117e-05,0.0
ZA.FS,0.373515784740448,0.002623098394143731,0.0
ZA.GT,0.3445169925689697,0.013796315089616417,0.0
ZA.NL,0.025285692885518074,7.937464572644718e-05,0.0
ZA.NP,0.33054763078689575,0.003655757768109377,0.0
ZA.MP,0.16284623742103577,0.0012983139081331743,0.0
ZA.NW,0.6082382798194885,0.026536180945666944,0.0
ZA.NC,0.5588021874427795,0.005196503051628441,0.0
ZA.WC,0.016836993396282196,0.00012094141590043567,0.0
