HASC_1,Max,Mean,Min
ZA.EC,0.0,0.0,0.0
ZA.FS,0.0,0.0,0.0
ZA.GT,0.0,0.0,0.0
ZA.NL,0.0,0.0,0.0
ZA.NP,0.0,0.0,0.0
ZA.MP,0.0,0.0,0.0
ZA.NW,0.0,0.0,0.0
ZA.NC,0.000975433737039566,1.307201470168274e-07,0.0
ZA.WC,0.0014285714132711291,4.884004831696168e-07,0.0
