HASC_1,Max,Mean,Min
ZA.EC,2.8709607124328613,0.12195327229261681,0.0
ZA.FS,2.351426124572754,0.15657161488984664,0.0
ZA.GT,1.329188585281372,0.29878190912698444,0.0
ZA.NL,3.2168571949005127,0.23722050845609594,0.0
ZA.NP,3.3702125549316406,0.5583232754485353,0.0
ZA.MP,2.3131580352783203,0.3492347102935965,0.0
ZA.NW,1.7133965492248535,0.19333361354872208,0.0
ZA.NC,1.8836102485656738,0.025752831856828102,0.0
ZA.WC,2.3448970317840576,0.0883098132609178,0.0
