HASC_1,Max,Mean,Min
ZA.EC,0.054675985127687454,0.0003936196670727523,0.0
ZA.FS,0.0,0.0,0.0
ZA.GT,0.0,0.0,0.0
ZA.NL,0.0,0.0,0.0
ZA.NP,0.0,0.0,0.0
ZA.MP,0.0,0.0,0.0
ZA.NW,0.0,0.0,0.0
ZA.NC,0.3460286557674408,0.000508468864703163,0.0
ZA.WC,1.0788016319274902,0.017329124243427297,0.0
