HASC_1,Max,Mean,Min
ZA.EC,12.370807647705078,0.01454653578329379,0.0
ZA.FS,0.08424077928066254,0.002030803967566654,0.0
ZA.GT,0.1986304372549057,0.0039449112920345595,0.0
ZA.NL,0.11174999177455902,0.00019698835142777522,0.0
ZA.NP,0.35609158873558044,0.00797720883592239,0.0
ZA.MP,0.0576385073363781,0.0002845735782201029,0.0
ZA.NW,0.5250829458236694,0.03223237173504709,0.0
ZA.NC,2.3219261169433594,0.07308561674735417,0.0
ZA.WC,1.9386907815933228,0.01772405626358137,0.0
