HASC_1,Max,Mean,Min
ZA.EC,0.418663889169693,0.006127988280253285,0.0
ZA.FS,0.010238094255328178,4.45910028542168e-06,0.0
ZA.GT,0.027619047090411186,0.000269423555092592,0.0
ZA.NL,0.0539792999625206,2.992200663110898e-05,0.0
ZA.NP,0.0007658338290639222,1.2066709491553395e-06,0.0
ZA.MP,0.12450063973665237,0.00013084312173885498,0.0
ZA.NW,0.01071428507566452,5.131362584130517e-06,0.0
ZA.NC,0.028679924085736275,2.999527381548263e-05,0.0
ZA.WC,0.46949490904808044,0.01207739453903889,0.0
