HASC_1,Max,Mean,Min
ZA.EC,0.31623706221580505,0.0025841839964950816,0.0
ZA.FS,2.166182279586792,0.07478428068859296,0.0
ZA.GT,0.11300501972436905,0.005320721426381313,0.0
ZA.NL,0.6383237838745117,0.02648810447330175,0.0
ZA.NP,0.622688889503479,0.004399670832953843,0.0
ZA.MP,0.16793791949748993,0.005826991399697351,0.0
ZA.NW,1.7206236124038696,0.04305555853066631,0.0
ZA.NC,2.063742160797119,0.015368356055306127,0.0
ZA.WC,0.05186120420694351,0.00015628362145543776,0.0
