HASC_1,Max,Mean,Min
ZA.EC,0.09243086725473404,0.000884811967845613,0.0
ZA.FS,0.05701543018221855,2.775340272226851e-05,0.0
ZA.GT,0.0,0.0,0.0
ZA.NL,0.02417158894240856,7.322143573309607e-05,0.0
ZA.NP,0.0,0.0,0.0
ZA.MP,0.0,0.0,0.0
ZA.NW,0.0,0.0,0.0
ZA.NC,0.0583999902009964,0.00018234229154525804,0.0
ZA.WC,0.09673012048006058,0.0011696909641210741,0.0
