HASC_1,Max,Mean,Min
ZA.EC,0.7622423768043518,0.008435962991446732,0.0
ZA.FS,0.194302037358284,0.0016210406322356159,0.0
ZA.GT,0.010250000283122063,0.00014468783403189217,0.0
ZA.NL,0.17621968686580658,0.006175110607346736,0.0
ZA.NP,0.0,0.0,0.0
ZA.MP,0.005762136075645685,1.4514717309648818e-05,0.0
ZA.NW,0.0,0.0,0.0
ZA.NC,0.08834699541330338,0.0005444937796467135,0.0
ZA.WC,0.1635638028383255,0.001280516574165359,0.0
