HASC_1,Max,Mean,Min
ZA.EC,0.6412410736083984,0.0037983238233993406,0.0
ZA.FS,0.0,0.0,0.0
ZA.GT,0.07882138341665268,0.00023140130123417628,0.0
ZA.NL,0.006222222466021776,1.10941197198636e-05,0.0
ZA.NP,0.015094032511115074,1.8315439400098778e-05,0.0
ZA.MP,0.015094032511115074,2.5237862938123508e-05,0.0
ZA.NW,0.02540215104818344,2.6852881778531146e-05,0.0
ZA.NC,0.02914782054722309,2.3050119121987933e-05,0.0
ZA.WC,0.15958471596240997,0.0008720181965314918,0.0
