HASC_1,Max,Mean,Min
ZA.EC,0.0,0.0,0.0
ZA.FS,0.07301124930381775,0.0004587851782348805,0.0
ZA.GT,0.06339817494153976,0.0016479070296937656,0.0
ZA.NL,0.011189618147909641,6.904049018608132e-05,0.0
ZA.NP,0.09075223654508591,0.0024801739230852246,0.0
ZA.MP,0.03280269727110863,0.0008861870507327672,0.0
ZA.NW,0.04374725744128227,0.00042268382736534174,0.0
ZA.NC,0.007414789404720068,1.0965198633632706e-06,0.0
ZA.WC,0.0,0.0,0.0
