HASC_1,Max,Mean,Min
ZA.EC,2.0373682975769043,0.07566192828905392,0.0
ZA.FS,1.1117558479309082,0.07748547185562722,0.0
ZA.GT,2.5114500522613525,0.2835577477284364,0.0
ZA.NL,0.1877313256263733,0.002407956644720796,0.0
ZA.NP,2.905015707015991,0.28781825349523016,0.0
ZA.MP,1.3248053789138794,0.05729751073668634,0.0
ZA.NW,3.9152066707611084,0.29837147185964036,0.0
ZA.NC,3.882781744003296,0.11943492667216044,0.0
ZA.WC,0.10509087890386581,0.0002712764361232487,0.0
