HASC_1,Max,Mean,Min
ZA.EC,0.1049700528383255,0.00016915603359352938,0.0
ZA.FS,0.022763503715395927,1.01753237445511e-05,0.0
ZA.GT,0.006680084392428398,4.062751663456622e-05,0.0
ZA.NL,0.004259361885488033,4.442740955024528e-06,0.0
ZA.NP,0.0,0.0,0.0
ZA.MP,0.0,0.0,0.0
ZA.NW,0.001627907040528953,3.386994447080522e-06,0.0
ZA.NC,0.17500415444374084,0.0010150430730406013,0.0
ZA.WC,0.9757286906242371,0.008303746243239317,0.0
