HASC_1,Max,Mean,Min
ZA.EC,0.7965073585510254,0.019039272387668893,0.0
ZA.FS,0.8453378677368164,0.04771436859787902,0.0
ZA.GT,0.22975921630859375,0.03286931031390467,0.0
ZA.NL,0.26898515224456787,0.010768252641333319,0.0
ZA.NP,0.4231291711330414,0.02460445784964709,0.0
ZA.MP,0.41405099630355835,0.028419205182786168,0.0
ZA.NW,1.533682942390442,0.11438246797679939,0.0
ZA.NC,3.0937583446502686,0.18387753598826923,0.0
ZA.WC,1.0099308490753174,0.013053653275807854,0.0
