HASC_1,Max,Mean,Min
ZA.EC,3.5838894844055176,0.4406421571232184,0.0
ZA.FS,3.356654167175293,0.5974486294873416,0.0
ZA.GT,2.3717052936553955,0.2902417729375884,0.0
ZA.NL,1.5634583234786987,0.07257452034163202,0.0
ZA.NP,3.424450397491455,0.24825273241734394,0.0
ZA.MP,2.3717052936553955,0.12880104624810104,0.0
ZA.NW,3.6906659603118896,0.26672646333743655,0.0
ZA.NC,5.597367763519287,0.25518136020380255,0.0
ZA.WC,1.6136246919631958,0.08849906346261696,0.0
