HASC_1,Max,Mean,Min
ZA.EC,0.2526782751083374,0.0005280354909017179,0.0
ZA.FS,0.0043254694901406765,1.8839152831623156e-06,0.0
ZA.GT,0.014399020932614803,5.5475587999497196e-05,0.0
ZA.NL,0.0788893923163414,0.000736626466531906,0.0
ZA.NP,0.2589304745197296,0.0003884213416970569,0.0
ZA.MP,0.0022651238832622766,3.813237057629962e-06,0.0
ZA.NW,0.01787327229976654,1.4936197842930719e-05,0.0
ZA.NC,0.3575054407119751,0.0008504595517344859,0.0
ZA.WC,0.01634146273136139,7.527616959055711e-05,0.0
