HASC_1,Max,Mean,Min
ZA.EC,3.265415906906128,0.36783793794858693,0.0
ZA.FS,2.224679708480835,0.05832288450566354,0.0
ZA.GT,0.07549601793289185,0.0014150118043241827,0.0
ZA.NL,3.1729304790496826,0.10067369646266466,0.0
ZA.NP,0.010737461969256401,2.1692430417707872e-05,0.0
ZA.MP,0.024157529696822166,0.00013177058133966637,0.0
ZA.NW,0.8753945827484131,0.013051545788685972,0.0
ZA.NC,3.63208270072937,0.12649247271468553,0.0
ZA.WC,3.7535974979400635,0.26099091423031806,0.0
