HASC_1,Max,Mean,Min
ZA.EC,0.532524049282074,0.01523367244633783,0.0
ZA.FS,0.3039354979991913,0.0023419094396865247,0.0
ZA.GT,0.01846725307404995,0.0005179121114978395,0.0
ZA.NL,1.7071444988250732,0.10308916896586957,0.0
ZA.NP,0.02627117931842804,8.185431338728556e-05,0.0
ZA.MP,0.7171738743782043,0.007842180087408791,0.0
ZA.NW,0.014999999664723873,2.5588584844365546e-05,0.0
ZA.NC,0.027108032256364822,0.00029095336530288147,0.0
ZA.WC,0.018992211669683456,6.326995469181769e-05,0.0
