HASC_1,Max,Mean,Min
ZA.EC,0.16765667498111725,0.00019067265891895897,0.0
ZA.FS,0.013800162822008133,0.00016866040589554144,0.0
ZA.GT,0.05724624916911125,0.0019851495240896166,0.0
ZA.NL,0.09233629703521729,0.0004972552654721604,0.0
ZA.NP,0.02576371282339096,6.372461129707394e-05,0.0
ZA.MP,0.19326889514923096,0.0015396064248066107,0.0
ZA.NW,0.016126662492752075,7.98675207936874e-05,0.0
ZA.NC,0.026188969612121582,0.00017501125834639482,0.0
ZA.WC,0.062125734984874725,0.00022731231654704148,0.0
