HASC_1,Max,Mean,Min
ZA.EC,0.20616738498210907,0.001367433358712393,0.0
ZA.FS,0.436024934053421,0.022558936108853928,0.0
ZA.GT,0.7355735301971436,0.09338334913022424,0.0
ZA.NL,1.0569725036621094,0.10462362437533002,0.0
ZA.NP,0.7043125033378601,0.03976543605391871,0.0
ZA.MP,1.1208564043045044,0.06336527398433,0.0
ZA.NW,0.20993998646736145,0.0035958973125247966,0.0
ZA.NC,0.17466820776462555,0.00040215320415416686,0.0
ZA.WC,0.28652501106262207,0.0012690488446613515,0.0
