HASC_1,Max,Mean,Min
ZA.EC,3.397037982940674,0.16257063552992634,0.0
ZA.FS,2.5847299098968506,0.18376031296961048,0.0
ZA.GT,0.033585384488105774,0.00027100210932823104,0.0
ZA.NL,1.7331547737121582,0.03645112730256145,0.0
ZA.NP,0.9190365076065063,0.019170877918615603,0.0
ZA.MP,1.0030007362365723,0.01616531789822102,0.0
ZA.NW,0.17375649511814117,0.0010491039636416246,0.0
ZA.NC,2.5847299098968506,0.049574760039171134,0.0
ZA.WC,0.021739130839705467,1.326414533596263e-05,0.0
