HASC_1,Max,Mean,Min
ZA.EC,2.247274160385132,0.2433101393160067,0.0
ZA.FS,2.9130771160125732,0.15645974091585596,0.0
ZA.GT,0.30281397700309753,0.014430087945756417,0.0
ZA.NL,3.6069023609161377,0.22834565696098605,0.0
ZA.NP,0.06668907403945923,0.0003057399645979426,0.0
ZA.MP,0.12586745619773865,0.0025323218782784774,0.0
ZA.NW,0.6497171521186829,0.01405707100874421,0.0
ZA.NC,1.942147970199585,0.13101244567226544,0.0
ZA.WC,0.8273616433143616,0.02825604359121103,0.0
