HASC_1,Max,Mean,Min
ZA.EC,1.160618543624878,0.09925629073537513,0.0
ZA.FS,1.0425819158554077,0.034824783948557564,0.0
ZA.GT,0.13741517066955566,0.000851137902875627,0.0
ZA.NL,0.04274999722838402,5.0477370839310965e-05,0.0
ZA.NP,0.0,0.0,0.0
ZA.MP,0.005499999970197678,3.917378896152192e-06,0.0
ZA.NW,0.13212494552135468,0.0027738942479691346,0.0
ZA.NC,1.5833818912506104,0.11922448829095725,0.0
ZA.WC,0.8542323112487793,0.017634420790276727,0.0
