HASC_1,Max,Mean,Min
ZA.EC,0.002251647412776947,6.889985963209752e-07,0.0
ZA.FS,0.0,0.0,0.0
ZA.GT,0.007225096225738525,4.927965836893571e-05,0.0
ZA.NL,0.0,0.0,0.0
ZA.NP,0.001916862209327519,1.0067553620417641e-06,0.0
ZA.MP,0.0,0.0,0.0
ZA.NW,0.005603136029094458,2.6834942668076904e-06,0.0
ZA.NC,0.3812541365623474,0.0003410332998430845,0.0
ZA.WC,0.39594635367393494,0.006309920384202344,0.0
