HASC_1,Max,Mean,Min
ZA.EC,3.1185739040374756,0.40726342959947326,0.0
ZA.FS,3.0238614082336426,0.43247113019091693,0.0
ZA.GT,0.3276873826980591,0.046967023224294135,0.0
ZA.NL,0.9593778252601624,0.09326155290006416,0.0
ZA.NP,1.4582935571670532,0.06766376979647844,0.0
ZA.MP,0.2678329050540924,0.007273537741192328,0.0
ZA.NW,1.4411982297897339,0.1740688368478715,0.0
ZA.NC,2.059777021408081,0.12830265167225988,0.0
ZA.WC,2.4532737731933594,0.13843181996726656,0.0
