HASC_1,Max,Mean,Min
ZA.EC,0.02200726605951786,6.357025684130657e-05,0.0
ZA.FS,0.0,0.0,0.0
ZA.GT,0.0,0.0,0.0
ZA.NL,0.0,0.0,0.0
ZA.NP,0.0,0.0,0.0
ZA.MP,0.0,0.0,0.0
ZA.NW,0.0,0.0,0.0
ZA.NC,0.03331998735666275,3.373402849259519e-05,0.0
ZA.WC,0.06646303087472916,0.0007991589830380379,0.0
