HASC_1,Max,Mean,Min
ZA.EC,2.894822835922241,0.13994348998414516,0.0
ZA.FS,0.08750088512897491,0.0003715266885427641,0.0
ZA.GT,0.10254458338022232,0.005238222833366691,0.0
ZA.NL,2.200904607772827,0.017938739452537933,0.0
ZA.NP,0.09151632338762283,0.0005646806304194347,0.0
ZA.MP,0.034088775515556335,0.00040245780994486877,0.0
ZA.NW,0.09151632338762283,0.0023663157289147735,0.0
ZA.NC,0.43513333797454834,0.006833311266828782,0.0
ZA.WC,1.0034492015838623,0.03152355773897965,0.0
