HASC_1,Max,Mean,Min
ZA.EC,0.9840637445449829,0.00270171347534858,0.0
ZA.FS,0.6939697861671448,0.019719753067683466,0.0
ZA.GT,1.2247750759124756,0.11052959932597954,0.0
ZA.NL,2.900933027267456,0.11568248450273808,0.0
ZA.NP,1.8999195098876953,0.04158844685889037,0.0
ZA.MP,3.0046558380126953,0.1797115346586396,0.0
ZA.NW,1.3406982421875,0.20749524063177183,0.0
ZA.NC,1.3406982421875,0.01114531584262735,0.0
ZA.WC,0.13319656252861023,0.00137933678727918,0.0
