HASC_1,Max,Mean,Min
ZA.EC,0.0,0.0,0.0
ZA.FS,0.0,0.0,0.0
ZA.GT,0.0,0.0,0.0
ZA.NL,1.0010254383087158,0.007887132714125389,0.0
ZA.NP,0.1937791109085083,0.0003796045695570446,0.0
ZA.MP,0.24817322194576263,0.0015639493804414388,0.0
ZA.NW,0.0,0.0,0.0
ZA.NC,0.0,0.0,0.0
ZA.WC,0.019285712391138077,4.707896361589177e-05,0.0
