HASC_1,Max,Mean,Min
DE.BW,0.0,0.0,0.0
DE.BY,0.022727273404598236,0.00011370457149259433,0.0
DE.BE,0.0,0.0,0.0
DE.BR,0.0,0.0,0.0
DE.HB,0.0,0.0,0.0
DE.HH,0.0,0.0,0.0
DE.HE,0.0,0.0,0.0
DE.MV,0.0,0.0,0.0
DE.NI,0.00022727272880729288,3.3009837154290904e-07,0.0
DE.NW,0.0,0.0,0.0
DE.RP,0.0,0.0,0.0
DE.SL,0.0,0.0,0.0
DE.SN,0.0,0.0,0.0
DE.ST,0.0,0.0,0.0
DE.SH,0.026065295562148094,0.00033164377818182053,0.0
DE.TH,0.0,0.0,0.0
