HASC_1,Max,Mean,Min
DK.HS,2.031937599182129,0.07815259228595811,0.0
DK.MJ,1.5034191608428955,0.06978547204159219,0.0
DK.ND,0.5043478012084961,0.03854360112641064,0.0
DK.SL,2.548142671585083,0.22035000736100807,0.0
DK.SD,3.306244134902954,0.11580094422402215,0.0
