HASC_1,Max,Mean,Min
DK.HS,0.07438131421804428,0.00048624287492746854,0.0
DK.MJ,0.5034692883491516,0.05383047748424966,0.0
DK.ND,0.6409900188446045,0.050578259554155465,0.0
DK.SL,0.12732581794261932,0.0043138275875578445,0.0
DK.SD,0.3045082092285156,0.040364424081330764,0.0
