HASC_1,Max,Mean,Min
DK.HS,0.3160041570663452,0.011789701487490924,0.0
DK.MJ,1.8382126092910767,0.21335717030757093,0.0
DK.ND,2.5191051959991455,0.2565557415576631,0.0
DK.SL,4.624101161956787,0.45299775253763613,0.0
DK.SD,5.930941104888916,0.8039274440989608,0.0
