HASC_1,Max,Mean,Min
DK.HS,0.07230888307094574,0.0012077327024661258,0.0
DK.MJ,0.16560693085193634,0.0024188007351308894,0.0
DK.ND,0.04441871494054794,0.0006755363538736482,0.0
DK.SL,0.0661713182926178,0.006113436643931049,0.0
DK.SD,0.09953061491250992,0.0038056094277029236,0.0
