HASC_1,Max,Mean,Min
DK.HS,0.006894893012940884,0.0001010313539869753,0.0
DK.MJ,0.004644738510251045,5.206539162417857e-05,0.0
DK.ND,0.033001501113176346,0.00022011763293749048,0.0
DK.SL,0.0004761904710903764,1.3607273231846867e-05,0.0
DK.SD,0.002619047649204731,5.480207934548768e-05,0.0
