HASC_1,Max,Mean,Min
DK.HS,0.04807144030928612,0.001106249835265637,0.0
DK.MJ,0.0482710637152195,0.001507104901758122,0.0
DK.ND,0.003553592599928379,7.994005001016036e-05,0.0
DK.SL,1.2600054740905762,0.1365661409925249,0.0
DK.SD,2.1690757274627686,0.10761181827141021,0.0
