HASC_1,Max,Mean,Min
DK.HS,0.4680434465408325,0.0038835919823970713,0.0
DK.MJ,0.14223267138004303,0.011030982840556921,0.0
DK.ND,0.6892609596252441,0.02921124528047788,0.0
DK.SL,0.6549999713897705,0.019894438382176236,0.0
DK.SD,0.26582735776901245,0.033623872145584585,0.0
