HASC_1,Max,Mean,Min
DK.HS,0.2861505150794983,0.005430642416169389,0.0
DK.MJ,0.34507375955581665,0.009500789633920748,0.0
DK.ND,0.18384963274002075,0.006638101952109715,0.0
DK.SL,2.2377824783325195,0.13072158576535542,0.0
DK.SD,1.0033454895019531,0.032075042204199974,0.0
