HASC_1,Max,Mean,Min
DK.HS,0.02044542506337166,0.00031519388385976735,0.0
DK.MJ,0.5187660455703735,0.03469860663313649,0.0
DK.ND,0.6649156808853149,0.08766335582888322,0.0
DK.SL,0.05878916010260582,0.0034054862891530827,0.0
DK.SD,0.11022811383008957,0.0021589047448200985,0.0
