HASC_1,Max,Mean,Min
DK.HS,0.11058823019266129,0.0021380071829119897,0.0
DK.MJ,0.013529411517083645,0.00018447615304040965,0.0
DK.ND,0.06413782387971878,0.000966181507361267,0.0
DK.SL,0.02951929159462452,0.0024141714535222424,0.0
DK.SD,0.04748328775167465,0.0006764075044234882,0.0
