HASC_1,Max,Mean,Min
DK.HS,0.28391972184181213,0.021752521483243532,0.0
DK.MJ,0.9392479658126831,0.26777479126378223,0.0
DK.ND,0.736255407333374,0.13391892303234296,0.0
DK.SL,0.9897837042808533,0.2987056184698034,0.0
DK.SD,1.2279651165008545,0.30116645874721665,0.0
