HASC_1,Max,Mean,Min
DK.HS,1.1798052787780762,0.034312259199388295,0.0
DK.MJ,0.5285688042640686,0.012401697157137839,0.0
DK.ND,0.2041463404893875,0.007986063857064183,0.0
DK.SL,0.2939019501209259,0.0513388912503918,0.0
DK.SD,0.27964186668395996,0.03478591293064385,0.0
