HASC_1,Max,Mean,Min
DK.HS,0.010212766006588936,8.462036111206202e-05,0.0
DK.MJ,0.1106412336230278,0.014683425076417823,0.0
DK.ND,0.12219183146953583,0.015720377813041943,0.0
DK.SL,0.004691903479397297,5.18858482657244e-05,0.0
DK.SD,0.05594652146100998,0.008840059696606097,0.0
