HASC_1,Max,Mean,Min
DK.HS,0.2741604447364807,0.0070550344843600486,0.0
DK.MJ,0.2062135636806488,0.041351422689003485,0.0
DK.ND,0.2154189795255661,0.035991366031445635,0.0
DK.SL,0.17192822694778442,0.011718358260825172,0.0
DK.SD,0.07073945552110672,0.003539829326005669,0.0
