HASC_1,Max,Mean,Min
DK.HS,0.0,0.0,0.0
DK.MJ,0.004444444552063942,5.810906919692685e-05,0.0
DK.ND,0.0,0.0,0.0
DK.SL,0.0011111111380159855,2.329992820267324e-05,0.0
DK.SD,0.003888888983055949,7.294894340226338e-05,0.0
