HASC_1,Max,Mean,Min
DK.HS,0.036446403712034225,0.00045865264893599,0.0
DK.MJ,0.21480508148670197,0.0037620480934656537,0.0
DK.ND,0.32178884744644165,0.0029830377616980384,0.0
DK.SL,0.1341167688369751,0.0009692827093035534,0.0
DK.SD,0.20237214863300323,0.007026786580700857,0.0
