HASC_1,Max,Mean,Min
DK.HS,0.31737619638442993,0.020974400779630385,0.0
DK.MJ,0.4398054778575897,0.03154017185849486,0.0
DK.ND,0.05203043296933174,0.002901791850212966,0.0
DK.SL,0.5731586813926697,0.07205731919104302,0.0
DK.SD,0.3276791572570801,0.053345010215083935,0.0
