HASC_1,Max,Mean,Min
DK.HS,0.7877339124679565,0.01668619257039749,0.0
DK.MJ,0.1951659768819809,0.013326579291892664,0.0
DK.ND,0.10441827028989792,0.006471264131786423,0.0
DK.SL,0.25791868567466736,0.018724511103075065,0.0
DK.SD,0.25317683815956116,0.022875520185829418,0.0
