HASC_1,Max,Mean,Min
DK.HS,0.7121738791465759,0.020512001740126625,0.0
DK.MJ,0.6236956715583801,0.011993509249716762,0.0
DK.ND,1.0069564580917358,0.018568277124733787,0.0
DK.SL,0.6641303896903992,0.04344871159571792,0.0
DK.SD,0.7778260707855225,0.03921355528573258,0.0
