HASC_1,Max,Mean,Min
DK.HS,0.34278029203414917,0.006871691958940962,0.0
DK.MJ,0.795372724533081,0.2736148416727513,0.0
DK.ND,0.7889452576637268,0.16576641629780492,0.0
DK.SL,0.2858620285987854,0.060083373920578095,0.0
DK.SD,0.6244232058525085,0.1885326290680539,0.0
