HASC_1,Max,Mean,Min
DK.HS,0.020434781908988953,0.00012403509642284078,0.0
DK.MJ,0.030043138191103935,0.0016675715479970415,0.0
DK.ND,0.007067718543112278,0.00014147475516659302,0.0
DK.SL,0.22178930044174194,0.010292885994055756,0.0
DK.SD,0.023709524422883987,0.0010168841025872445,0.0
