HASC_1,Max,Mean,Min
DK.HS,0.07765956968069077,0.0015576100320795064,0.0
DK.MJ,0.7737245559692383,0.041692491477502897,0.0
DK.ND,0.8431912064552307,0.033099130328491023,0.0
DK.SL,0.6984922289848328,0.040419734688853,0.0
DK.SD,1.0208454132080078,0.08605494143923048,0.0
