HASC_1,Max,Mean,Min
DK.HS,3.476303815841675,0.20426142897106644,0.0
DK.MJ,4.935531139373779,1.0022670197728518,0.0
DK.ND,7.094977855682373,1.9126779178236022,0.0
DK.SL,2.010350227355957,0.43902338828063675,0.0
DK.SD,2.414975643157959,0.5172595573677903,0.0
