HASC_1,Max,Mean,Min
DK.HS,0.11729155480861664,0.005471354957150582,0.0
DK.MJ,0.0024999999441206455,3.701083371050315e-05,0.0
DK.ND,0.023438898846507072,0.00043119753320455405,0.0
DK.SL,0.07197053730487823,0.009208290776371508,0.0
DK.SD,0.023144621402025223,0.0014338161188269234,0.0
