HASC_1,Max,Mean,Min
DK.HS,1.2659093141555786,0.07574133544714533,0.0
DK.MJ,2.123126268386841,0.13708830389051554,0.0
DK.ND,2.269317626953125,0.23584462011755253,0.0
DK.SL,1.3917913436889648,0.19841033959108043,0.0
DK.SD,1.0280342102050781,0.2394281083828814,0.0
