HASC_1,Max,Mean,Min
DK.HS,0.23210644721984863,0.002632734632484205,0.0
DK.MJ,0.37680694460868835,0.05446812700391016,0.0
DK.ND,0.37734243273735046,0.046849534744780284,0.0
DK.SL,0.101666659116745,0.003059361800195701,0.0
DK.SD,0.5466432571411133,0.04342855950130256,0.0
