HASC_1,Max,Mean,Min
DK.HS,0.8273882865905762,0.02413396027576453,0.0
DK.MJ,0.4115596413612366,0.05017331558049484,0.0
DK.ND,0.15747959911823273,0.00702425883779598,0.0
DK.SL,0.6817355751991272,0.045672123271032,0.0
DK.SD,1.8236697912216187,0.22421276334152068,0.0
