HASC_1,Max,Mean,Min
DK.HS,0.027926303446292877,0.0007974333769501148,0.0
DK.MJ,0.018253060057759285,0.00043612761503748326,0.0
DK.ND,0.04605262726545334,0.0012200227351099478,0.0
DK.SL,0.01723424717783928,0.001129692619333919,0.0
DK.SD,0.017065946012735367,0.000479488572593601,0.0
