HASC_1,Max,Mean,Min
DK.HS,0.014868640340864658,0.0003148655254895297,0.0
DK.MJ,0.0783165767788887,0.008353243421486302,0.0
DK.ND,0.23251913487911224,0.022783985824734967,0.0
DK.SL,0.007418322842568159,0.00019632004609943746,0.0
DK.SD,0.14198151230812073,0.019829392619361723,0.0
