HASC_1,Max,Mean,Min
DK.HS,0.4758017957210541,0.027300151128423378,0.0
DK.MJ,1.3866645097732544,0.11665971498298752,0.0
DK.ND,0.6770396828651428,0.10052808838672289,0.0
DK.SL,2.0945515632629395,0.4101578891829208,0.0
DK.SD,1.4213858842849731,0.1741707225197128,0.0
