HASC_1,Max,Mean,Min
DK.HS,0.08033332973718643,0.0007160946504913397,0.0
DK.MJ,0.011264248751103878,0.00023648241433359027,0.0
DK.ND,0.03700000047683716,0.0007185700693844862,0.0
DK.SL,0.03033333271741867,0.0015365672519827192,0.0
DK.SD,0.014123515225946903,0.00023315008854426976,0.0
