HASC_1,Max,Mean,Min
DK.HS,0.01903688535094261,0.00030063309892813046,0.0
DK.MJ,0.0025498417671769857,8.745889833851441e-06,0.0
DK.ND,0.007199984509497881,3.076916961773546e-05,0.0
DK.SL,0.01998324505984783,0.001233777162862545,0.0
DK.SD,0.023107778280973434,0.00031604470346965603,0.0
