HASC_1,Max,Mean,Min
DK.HS,0.3089677393436432,0.010971287647501016,0.0
DK.MJ,0.04892797768115997,0.0032144297699810646,0.0
DK.ND,0.15176860988140106,0.002037287616487095,0.0
DK.SL,0.35572904348373413,0.0800129561090014,0.0
DK.SD,0.2745901048183441,0.017557989482962253,0.0
