HASC_1,Max,Mean,Min
DK.HS,0.5755946040153503,0.03340446894876977,0.0
DK.MJ,0.6812625527381897,0.22844720109961592,0.0
DK.ND,0.6866967678070068,0.13854011368219077,0.0
DK.SL,0.609354555606842,0.13934946280938607,0.0
DK.SD,0.40707677602767944,0.09928651880472898,0.0
