HASC_1,Max,Mean,Min
DK.HS,0.3382478356361389,0.022671198408700462,0.0
DK.MJ,0.029204227030277252,0.001339902097111786,0.0
DK.ND,0.01266487967222929,0.0011709033076538157,0.0
DK.SL,0.8464056849479675,0.18265933544133547,0.0
DK.SD,0.7702513337135315,0.04915798041952907,0.0
