HASC_1,Max,Mean,Min
DK.HS,0.7368088364601135,0.01366603784641546,0.0
DK.MJ,0.1693318784236908,0.013712446449013392,0.0
DK.ND,0.11794689297676086,0.022535269925712836,0.0
DK.SL,0.07471848279237747,0.009219378566033103,0.0
DK.SD,0.14053627848625183,0.012991900795549597,0.0
