HASC_1,Max,Mean,Min
DK.HS,1.516136646270752,0.08287376667679841,0.0
DK.MJ,4.6286749839782715,0.32346393993577444,0.0
DK.ND,1.2972393035888672,0.18680487351293304,0.0
DK.SL,1.8904731273651123,0.5829338867907171,0.0
DK.SD,1.896975040435791,0.2733849857357286,0.0
