HASC_1,Max,Mean,Min
DK.HS,0.8001224398612976,0.020469463108373245,0.0
DK.MJ,0.17660075426101685,0.00843169633197063,0.0
DK.ND,0.177110955119133,0.003260691609828723,0.0
DK.SL,0.6485106348991394,0.023356011248526758,0.0
DK.SD,0.84119713306427,0.02016547758573346,0.0
