HASC_1,Max,Mean,Min
DK.HS,0.496153861284256,0.0016162635847571918,0.0
DK.MJ,0.07307691872119904,0.0035211526214224504,0.0
DK.ND,0.048974357545375824,0.0007036966283253345,0.0
DK.SL,0.9652542471885681,0.040686804757441915,0.0
DK.SD,0.3318953514099121,0.017472213968050623,0.0
