HASC_1,Max,Mean,Min
DK.HS,1.1795629262924194,0.08215331967569824,0.0
DK.MJ,0.9576340317726135,0.22421436975416434,0.0
DK.ND,1.8770935535430908,0.07568800175939767,0.0
DK.SL,0.9542694091796875,0.13398943448835915,0.0
DK.SD,0.3603651523590088,0.055934952429517924,0.0
