HASC_1,Max,Mean,Min
DK.HS,0.0008510638144798577,8.975820251219135e-06,0.0
DK.MJ,0.001033507171086967,2.3277188537994753e-06,0.0
DK.ND,0.014893616549670696,7.072764802111714e-05,0.0
DK.SL,0.00021276595361996442,7.880220504443127e-07,0.0
DK.SD,0.0,0.0,0.0
