HASC_1,Max,Mean,Min
DK.HS,0.8808277249336243,0.053759463417988554,0.0
DK.MJ,2.9319376945495605,0.6413171483153427,0.0
DK.ND,2.11661958694458,0.23184404348164206,0.0
DK.SL,2.595811128616333,0.4925379579265912,0.0
DK.SD,2.3935611248016357,0.5203062157900561,0.0
