HASC_1,Max,Mean,Min
DK.HS,1.152254343032837,0.055669231642769955,0.0
DK.MJ,0.5283803939819336,0.09632109516501627,0.0
DK.ND,0.26635637879371643,0.04708326941185051,0.0
DK.SL,1.1510264873504639,0.4481831103011414,0.0
DK.SD,1.0934503078460693,0.35109655896113035,0.0
