HASC_1,Max,Mean,Min
DK.HS,0.1783783733844757,0.0032990346508086077,0.0
DK.MJ,0.4536082148551941,0.0755015757070699,0.0
DK.ND,0.3769463896751404,0.05099147773941715,0.0
DK.SL,0.25939828157424927,0.03273540776686719,0.0
DK.SD,0.6597486734390259,0.06836374931569611,0.0
