HASC_1,Max,Mean,Min
DK.HS,1.2437249422073364,0.04117335447928128,0.0
DK.MJ,0.9464868307113647,0.07542464155011788,0.0
DK.ND,0.2953224182128906,0.022126423493047907,0.0
DK.SL,0.5006735324859619,0.06571949085488019,0.0
DK.SD,1.8351805210113525,0.08217851546006776,0.0
