HASC_1,Max,Mean,Min
DK.HS,0.23360852897167206,0.008457203179103898,0.0
DK.MJ,0.8421854972839355,0.10348378867236785,0.0
DK.ND,0.14263157546520233,0.002569243551195351,0.0
DK.SL,0.3762493431568146,0.06345443403104717,0.0
DK.SD,0.7305760383605957,0.09222657353574981,0.0
