HASC_1,Max,Mean,Min
DK.HS,0.2814815938472748,0.0066561559194199685,0.0
DK.MJ,0.29226264357566833,0.011258954837980095,0.0
DK.ND,2.0170164108276367,0.058995794085366884,0.0
DK.SL,0.6959079504013062,0.03317452541766586,0.0
DK.SD,1.2434626817703247,0.025954795711939888,0.0
