HASC_1,Max,Mean,Min
DK.HS,1.0020842552185059,0.051930442102687255,0.0
DK.MJ,2.720438003540039,0.4903042897716299,0.0
DK.ND,2.0007028579711914,0.26259464509877617,0.0
DK.SL,1.0266095399856567,0.14175878427577793,0.0
DK.SD,7.515552997589111,0.9031458302800145,0.0
