HASC_1,Max,Mean,Min
DK.HS,0.04921695217490196,0.001184669584205024,0.0
DK.MJ,0.011428571306169033,0.0005519659557198342,0.0
DK.ND,0.01428571343421936,0.00028079135557803486,0.0
DK.SL,0.02071428671479225,0.0008316986214830885,0.0
DK.SD,0.016341909766197205,0.0002901795978763822,0.0
