HASC_1,Max,Mean,Min
DK.HS,0.7442221641540527,0.01435802446734996,0.0
DK.MJ,1.1722043752670288,0.12464238607580697,0.0
DK.ND,0.8540089726448059,0.032152706857561754,0.0
DK.SL,0.1353333294391632,0.008711476467890491,0.0
DK.SD,0.45266664028167725,0.04031135023393355,0.0
