HASC_1,Max,Mean,Min
DK.HS,0.164886474609375,0.001105929018562025,0.0
DK.MJ,1.1161601543426514,0.12381137228481207,0.0
DK.ND,0.5196640491485596,0.03609395489297696,0.0
DK.SL,0.1412981152534485,0.00963898677866921,0.0
DK.SD,1.1206200122833252,0.0740359555655405,0.0
