HASC_1,Max,Mean,Min
DK.HS,0.026499997824430466,0.0006458933394242194,0.0
DK.MJ,0.9372366666793823,0.0397935861884503,0.0
DK.ND,0.37565726041793823,0.025555692905036537,0.0
DK.SL,0.8323209881782532,0.04169834671044589,0.0
DK.SD,0.8826597929000854,0.05309463185398748,0.0
