HASC_1,Max,Mean,Min
DK.HS,0.1351354420185089,0.004535201411831972,0.0
DK.MJ,0.3558806777000427,0.041022287734650234,0.0
DK.ND,3.1280927658081055,0.11577940647341264,0.0
DK.SL,0.1594628095626831,0.034194928261072,0.0
DK.SD,0.22259433567523956,0.022780194758975303,0.0
