HASC_1,Max,Mean,Min
DK.HS,0.06619523465633392,0.004142424241195902,0.0
DK.MJ,0.08889120072126389,0.006275399559075726,0.0
DK.ND,0.06306654214859009,0.00533644117215052,0.0
DK.SL,0.145853653550148,0.017028332898755456,0.0
DK.SD,0.035317689180374146,0.005076572317436027,0.0
