HASC_1,Max,Mean,Min
DK.HS,5.896890434087254e-05,2.725162428557976e-07,0.0
DK.MJ,0.001136363367550075,3.281803446543153e-06,0.0
DK.ND,0.1930818110704422,0.0032695206634304847,0.0
DK.SL,0.0017219684086740017,1.1489616786598667e-05,0.0
DK.SD,0.00022727272880729288,2.083032276935964e-06,0.0
