HASC_1,Max,Mean,Min
AU.AS,0.0,0.0,0.0
AU.AC,0.0,0.0,0.0
AU.CR,0.081142857670784,0.00010334944256333079,0.0
AU.JB,0.0,0.0,0.0
AU.NS,5.123161315917969,0.06481417414476455,0.0
AU.NT,13.334249496459961,0.7322247866383953,0.0
AU.QL,12.640315055847168,0.5830646258061509,0.0
AU.SA,0.7294285297393799,0.001443443269503297,0.0
AU.TS,0.9243465065956116,0.0013166830454549115,0.0
AU.VI,1.01371431350708,0.0028000432659708754,0.0
AU.WA,1.2004566192626953,0.005847705472137678,0.0
