HASC_1,Max,Mean,Min
AU.AS,0.0,0.0,0.0
AU.AC,0.0,0.0,0.0
AU.CR,0.05179637670516968,4.833811899640738e-05,0.0
AU.JB,0.0,0.0,0.0
AU.NS,0.009076998569071293,2.040340032089682e-06,0.0
AU.NT,0.00018797875964082778,1.1400114362894026e-07,0.0
AU.QL,0.1951536387205124,5.0693872483933155e-05,0.0
AU.SA,1.3048616647720337,0.00621340856472606,0.0
AU.TS,0.6113151907920837,0.001263220486072962,0.0
AU.VI,0.14571428298950195,0.00028189006732194346,0.0
AU.WA,0.03783506900072098,3.1095651671803128e-06,0.0
