HASC_1,Max,Mean,Min
AU.AS,0.0,0.0,0.0
AU.AC,0.0,0.0,0.0
AU.CR,0.00845351256430149,2.064004965377746e-06,0.0
AU.JB,0.0,0.0,0.0
AU.NS,0.027166757732629776,6.5606368321652994e-06,0.0
AU.NT,0.009444444440305233,4.922677487585118e-06,0.0
AU.QL,0.5333211421966553,0.0005900780516144268,0.0
AU.SA,0.0647614523768425,9.667057268734875e-05,0.0
AU.TS,0.33222219347953796,0.0004946504408665257,0.0
AU.VI,0.028888888657093048,0.00012535957670224595,0.0
AU.WA,0.1288624405860901,0.000312432553439202,0.0
