HASC_1,Max,Mean,Min
AU.AS,0.0,0.0,0.0
AU.AC,0.0,0.0,0.0
AU.CR,0.19332513213157654,8.211841373002692e-05,0.0
AU.JB,0.0,0.0,0.0
AU.NS,3.9937210083007812,0.10788671107027181,0.0
AU.NT,5.708197593688965,0.13564834442914406,0.0
AU.QL,12.617286682128906,0.12158297013984164,0.0
AU.SA,0.20572300255298615,0.00012705510689219206,0.0
AU.TS,0.07191401720046997,4.378927670933607e-05,0.0
AU.VI,1.2132467031478882,0.0024351261138475674,0.0
AU.WA,10.144662857055664,0.008331570096450459,0.0
