HASC_1,Max,Mean,Min
AU.AS,0.0,0.0,0.0
AU.AC,0.0,0.0,0.0
AU.CR,0.21944217383861542,0.00010119164602372705,0.0
AU.JB,0.0,0.0,0.0
AU.NS,11.707806587219238,0.2769766242315273,0.0
AU.NT,4.192572593688965,0.04992050469318753,0.0
AU.QL,6.091241359710693,0.04539153256077496,0.0
AU.SA,0.6231896877288818,0.008100971024733837,0.0
AU.TS,0.6852173805236816,0.0005465500461220448,0.0
AU.VI,0.9799999594688416,0.004535214906619049,0.0
AU.WA,8.00682258605957,0.03992777912264838,0.0
