HASC_1,Max,Mean,Min
AU.AS,0.0,0.0,0.0
AU.AC,0.0,0.0,0.0
AU.CR,0.09726560860872269,8.639072945628028e-05,0.0
AU.JB,0.0,0.0,0.0
AU.NS,0.22964036464691162,0.00010146395927125787,0.0
AU.NT,0.3503571152687073,4.514712087927158e-05,0.0
AU.QL,0.11947007477283478,0.0001950459532086386,0.0
AU.SA,0.09642857313156128,2.7497856633242054e-05,0.0
AU.TS,0.321502149105072,0.0001020556894728627,0.0
AU.VI,0.49395981431007385,0.000113165986103815,0.0
AU.WA,3.4643733501434326,0.02663864369584875,0.0
