HASC_1,Max,Mean,Min
AU.AS,0.0,0.0,0.0
AU.AC,0.1740403026342392,0.014983381249222143,0.0
AU.CR,0.0,0.0,0.0
AU.JB,0.0,0.0,0.0
AU.NS,1.8089184761047363,0.007570378846889503,0.0
AU.NT,4.460251331329346,0.10501580310859077,0.0
AU.QL,1.7919995784759521,0.017608019371062635,0.0
AU.SA,0.15457454323768616,0.0003922330267871105,0.0
AU.TS,2.073951482772827,0.020809309114184583,0.0
AU.VI,1.9209723472595215,0.06755534017871473,0.0
AU.WA,2.373162031173706,0.03154102367369455,0.0
