HASC_1,Max,Mean,Min
AU.AS,0.0,0.0,0.0
AU.AC,0.0,0.0,0.0
AU.CR,0.0,0.0,0.0
AU.JB,0.0,0.0,0.0
AU.NS,0.4060240685939789,8.451294044461065e-05,0.0
AU.NT,0.009666666388511658,1.6256635198135452e-05,0.0
AU.QL,0.26006880402565,2.033947954805844e-05,0.0
AU.SA,0.17867013812065125,0.00029962432203550787,0.0
AU.TS,0.0861927792429924,7.435273338567066e-05,0.0
AU.VI,0.12936413288116455,0.0003790086273672826,0.0
AU.WA,0.9688815474510193,0.0035887223460509825,0.0
