HASC_1,Max,Mean,Min
AU.AS,0.0,0.0,0.0
AU.AC,0.0,0.0,0.0
AU.CR,0.07406524568796158,0.00015033829704052656,0.0
AU.JB,0.0,0.0,0.0
AU.NS,0.6586254239082336,0.00033835679795317337,0.0
AU.NT,0.8739489316940308,0.0016480870141686772,0.0
AU.QL,0.5258536338806152,0.0002210903140671276,0.0
AU.SA,1.185213327407837,0.002068335439295454,0.0
AU.TS,0.034390244632959366,2.0308124805380528e-06,0.0
AU.VI,0.017037762328982353,1.6785496396641917e-05,0.0
AU.WA,1.392883062362671,0.029373592071703262,0.0
