HASC_1,Max,Mean,Min
AU.AS,0.0,0.0,0.0
AU.AC,0.0,0.0,0.0
AU.CR,0.21295058727264404,0.000343518218439459,0.0
AU.JB,0.0,0.0,0.0
AU.NS,0.13334037363529205,2.3265942240459405e-05,0.0
AU.NT,0.6018378138542175,0.00016319298974519898,0.0
AU.QL,0.25408315658569336,9.045742537729368e-05,0.0
AU.SA,1.5172984600067139,0.009658767367220548,0.0
AU.TS,0.11281470209360123,0.00010126051940070032,0.0
AU.VI,0.139349564909935,0.00037865204357516463,0.0
AU.WA,5.565062999725342,0.06353478644487592,0.0
