HASC_1,Max,Mean,Min
AU.AS,0.0,0.0,0.0
AU.AC,0.0,0.0,0.0
AU.CR,0.27224287390708923,0.00025293739753980403,0.0
AU.JB,0.0,0.0,0.0
AU.NS,0.013825476169586182,6.026435562260899e-06,0.0
AU.NT,0.04460420459508896,4.907687421434901e-05,0.0
AU.QL,0.04081060737371445,3.577929330982908e-05,0.0
AU.SA,0.379842072725296,0.0014678214712768153,0.0
AU.TS,2.6492714881896973,0.0016133292944881966,0.0
AU.VI,0.16686417162418365,0.0006531696237599014,0.0
AU.WA,0.09598737210035324,1.2355874470429175e-05,0.0
