HASC_1,Max,Mean,Min
AU.AS,0.0,0.0,0.0
AU.AC,0.0,0.0,0.0
AU.CR,0.28497132658958435,0.00017737645056129122,0.0
AU.JB,0.0,0.0,0.0
AU.NS,0.3145817816257477,0.0025701649271002176,0.0
AU.NT,1.7146259546279907,0.02882564725470782,0.0
AU.QL,1.725822925567627,0.01018203799636166,0.0
AU.SA,4.737372875213623,0.2705110927257705,0.0
AU.TS,0.19404743611812592,6.042350493762689e-05,0.0
AU.VI,1.0546272993087769,0.011485802758134215,0.0
AU.WA,1.767143726348877,0.014988764217446974,0.0
